"location_name","avg"
"Qatar","300000.000000000000"
"Israel","217332.000000000000"
"Puerto Rico","167500.000000000000"
