"location_name","avg"
"Qatar","300000.000000000000"
"Israel","217332.000000000000"
"Puerto Rico","167500.000000000000"
"Estados Unidos de Norteamerica","157355.461530309453"
"New Zeland","151634.333333333333"
"Canada","143999.270676691729"
"Saudi Arabia","134999.000000000000"
"Australia","127624.766666666667"
"Ukraine","121333.333333333333"
"Bosnia & Hersegovina","120000.000000000000"
